name(not unique),name
christies_345,christies_345
artsy_120,artsy_120
artsy_214,artsy_214
liveauctioneer_537,liveauctioneer_537
liveauctioneer_538,liveauctioneer_538
liveauctioneer_539,liveauctioneer_539
liveauctioneer_331,liveauctioneer_331
liveauctioneer_295,liveauctioneer_295
liveauctioneer_297,liveauctioneer_297
liveauctioneer_280,liveauctioneer_280
liveauctioneer_274,liveauctioneer_274
liveauctioneer_276,liveauctioneer_276
liveauctioneer_279,liveauctioneer_279
liveauctioneer_269,liveauctioneer_269
liveauctioneer_270,liveauctioneer_270
liveauctioneer_271,liveauctioneer_271
liveauctioneer_255,liveauctioneer_255
liveauctioneer_256,liveauctioneer_256
liveauctioneer_259,liveauctioneer_259
liveauctioneer_258,liveauctioneer_258
liveauctioneer_260,liveauctioneer_260
liveauctioneer_263,liveauctioneer_263
liveauctioneer_268,liveauctioneer_268
liveauctioneer_226,liveauctioneer_226
liveauctioneer_227,liveauctioneer_227
liveauctioneer_228,liveauctioneer_228
liveauctioneer_225,liveauctioneer_225
liveauctioneer_229,liveauctioneer_229
liveauctioneer_257,liveauctioneer_257
liveauctioneer_262,liveauctioneer_262
liveauctioneer_263,liveauctioneer_264
liveauctioneer_264,liveauctioneer_265
liveauctioneer_265,liveauctioneer_266
liveauctioneer_266,liveauctioneer_267
liveauctioneer_267,liveauctioneer_273
liveauctioneer_268,liveauctioneer_275
liveauctioneer_269,liveauctioneer_277
liveauctioneer_270,liveauctioneer_278
liveauctioneer_271,liveauctioneer_281
liveauctioneer_273,liveauctioneer_282
liveauctioneer_274,liveauctioneer_292
liveauctioneer_275,liveauctioneer_293
liveauctioneer_276,liveauctioneer_294
liveauctioneer_277,liveauctioneer_296
liveauctioneer_278,liveauctioneer_298
liveauctioneer_279,liveauctioneer_312
liveauctioneer_280,liveauctioneer_332
liveauctioneer_281,liveauctioneer_333
liveauctioneer_282,liveauctioneer_334
liveauctioneer_292,liveauctioneer_335
liveauctioneer_293,liveauctioneer_360
liveauctioneer_294,liveauctioneer_361
liveauctioneer_295,liveauctioneer_362
liveauctioneer_296,liveauctioneer_388
liveauctioneer_297,liveauctioneer_411
liveauctioneer_298,liveauctioneer_436
liveauctioneer_312,liveauctioneer_438
liveauctioneer_331,liveauctioneer_439
liveauctioneer_332,liveauctioneer_440
liveauctioneer_333,liveauctioneer_441
liveauctioneer_334,liveauctioneer_442
liveauctioneer_335,liveauctioneer_512
liveauctioneer_360,liveauctioneer_513
liveauctioneer_361,liveauctioneer_514
liveauctioneer_362,liveauctioneer_515
liveauctioneer_388,liveauctioneer_516
liveauctioneer_411,liveauctioneer_517
liveauctioneer_436,liveauctioneer_518
liveauctioneer_438,liveauctioneer_519
liveauctioneer_439,liveauctioneer_520
liveauctioneer_440,liveauctioneer_521
liveauctioneer_441,liveauctioneer_522
liveauctioneer_442,liveauctioneer_523
liveauctioneer_512,liveauctioneer_524
liveauctioneer_513,liveauctioneer_525
liveauctioneer_514,liveauctioneer_526
liveauctioneer_515,liveauctioneer_527
liveauctioneer_516,liveauctioneer_528
liveauctioneer_517,liveauctioneer_529
liveauctioneer_518,liveauctioneer_530
liveauctioneer_519,liveauctioneer_531
liveauctioneer_520,liveauctioneer_582
liveauctioneer_521,liveauctioneer_583
liveauctioneer_522,liveauctioneer_584
liveauctioneer_523,liveauctioneer_585
liveauctioneer_524,liveauctioneer_586
liveauctioneer_525,liveauctioneer_587
liveauctioneer_526,liveauctioneer_588
liveauctioneer_527,liveauctioneer_589
liveauctioneer_528,liveauctioneer_590
liveauctioneer_529,liveauctioneer_659
liveauctioneer_530,liveauctioneer_660
liveauctioneer_531,liveauctioneer_661
liveauctioneer_537,liveauctioneer_662
liveauctioneer_538,liveauctioneer_663
liveauctioneer_539,liveauctioneer_664
liveauctioneer_582,liveauctioneer_665
liveauctioneer_583,liveauctioneer_666
liveauctioneer_584,liveauctioneer_667
liveauctioneer_585,liveauctioneer_736
liveauctioneer_586,liveauctioneer_737
liveauctioneer_587,liveauctioneer_738
liveauctioneer_588,liveauctioneer_739
liveauctioneer_589,liveauctioneer_740
liveauctioneer_590,liveauctioneer_741
liveauctioneer_659,liveauctioneer_742
liveauctioneer_660,liveauctioneer_788
liveauctioneer_661,liveauctioneer_789
liveauctioneer_662,liveauctioneer_790
liveauctioneer_663,liveauctioneer_791
liveauctioneer_664,liveauctioneer_792
liveauctioneer_665,liveauctioneer_807
liveauctioneer_666,christies_411
liveauctioneer_667,christies_299
liveauctioneer_736,christies_117
liveauctioneer_737,christies_118
liveauctioneer_738,christies_123
liveauctioneer_739,christies_135
liveauctioneer_740,christies_136
liveauctioneer_741,christies_140
liveauctioneer_742,
liveauctioneer_788,
liveauctioneer_789,
liveauctioneer_790,
liveauctioneer_791,
liveauctioneer_792,
liveauctioneer_807,
christies_411,
christies_299,
christies_117,
christies_118,
christies_123,
christies_135,
christies_136,
christies_140,