,fullname
0,artsper_11.jpg
1,artsper_36.jpg
2,artsper_46.jpg
3,artsper_55.jpg
4,artsper_119.jpg
5,artsper_137.jpg
6,artsper_139.jpg
7,artsper_142.jpg
8,artsper_157.jpg
9,artsper_216.jpg
10,artsy_43.jpg
11,artsy_57.jpg
12,artsy_62.jpg
13,artsy_120.jpg
14,artsy_121.jpg
15,artsy_227.jpg
16,artsy_249.jpg
17,artsy_346.jpg
18,artsy_399.jpg
19,artsy_555.jpg
20,artsy_646.jpg
21,artsy_744.jpg
22,artsy_796.jpg
23,artsy_961.jpg
24,artsy_990.jpg
25,artsy_1038.jpg
26,artsy_1101.jpg
27,artsy_1266.jpg
28,artsy_1267.jpg
29,artsy_1297.jpg
30,artsy_1331.jpg
31,artsy_1332.jpg
32,artsy_1362.jpg
33,artsy_1366.jpg
34,artsy_1380.jpg
35,artsy_1383.jpg
36,artsy_1435.jpg
37,artsy_1520.jpg
38,artsy_1532.jpg
39,artsy_1560.jpg
40,artsy_1573.jpg
41,artsy_1574.jpg
42,artsy_1580.jpg
43,artsy_1620.jpg
44,artsy_1686.jpg
45,artsy_1698.jpg
46,artsy_1732.jpg
47,artsy_1797.jpg
48,artsy_1803.jpg
49,artsy_1811.jpg
50,artsy_1836.jpg
51,artsy_1852.jpg
52,artsy_1869.jpg
53,artsy_1870.jpg
54,artsy_1891.jpg
55,artsy_1926.jpg
56,artsy_1985.jpg
57,artsy_2021.jpg
58,artsy_2032.jpg
59,artsy_2034.jpg
60,artsy_2053.jpg
61,artsy_2090.jpg
62,artsy_2091.jpg
63,artsy_2099.jpg
64,artsy_2170.jpg
65,artsy_2187.jpg
66,artsy_2215.jpg
67,artsy_2271.jpg
68,artsy_2276.jpg
69,artsy_2339.jpg
70,artsy_2340.jpg
71,artsy_2344.jpg
72,artsy_2359.jpg
73,artsy_2365.jpg
74,artsy_2429.jpg
75,artsy_2438.jpg
76,artsy_2462.jpg
77,artsy_2513.jpg
78,artsy_2529.jpg
79,artsy_2615.jpg
80,artsy_2647.jpg
81,artsy_2680.jpg
82,artsy_2699.jpg
83,artsy_2815.jpg
84,artsy_2838.jpg
85,christies_24.jpg
86,christies_27.jpg
87,christies_28.jpg
88,christies_345.jpg
89,christies_350.jpg
90,christies_417.jpg
91,liveauctioneer_71.jpg
92,liveauctioneer_79.jpg
93,liveauctioneer_96.jpg
94,liveauctioneer_136.jpg
95,liveauctioneer_200.jpg
96,liveauctioneer_245.jpg
97,liveauctioneer_404.jpg
98,liveauctioneer_412.jpg
99,liveauctioneer_462.jpg
100,liveauctioneer_591.jpg
101,liveauctioneer_609.jpg
102,liveauctioneer_612.jpg
103,liveauctioneer_614.jpg
104,liveauctioneer_634.jpg
105,liveauctioneer_652.jpg
106,liveauctioneer_787.jpg
107,artsper_35.jpg
108,artsy_214.jpg
109,liveauctioneer_603.jpg
110,liveauctioneer_576.jpg
